GROUP_DATE,INCIDENT_DATETIME,INITIAL_SEVERITY_LEVEL_CODE
01/01/2016,4879,4.139372822299651
01/01/2017,4928,4.19622564935065
01/01/2018,4653,4.137975499677627
01/02/2016,3439,4.165455074149462
01/02/2017,3685,4.181818181818182
01/02/2018,4242,4.166666666666667
01/03/2016,3433,4.230702009903874
01/03/2017,4302,4.205485820548582
01/03/2018,4602,4.228161668839635
01/04/2016,3707,4.241704882654438
01/04/2017,4450,4.290337078651685
01/04/2018,4000,4.252
01/05/2016,3614,4.215273934698395
01/05/2017,3957,4.29618397776093
01/05/2018,4873,4.352349681920788
01/06/2016,3913,4.2967032967032965
01/06/2017,4097,4.317305345374664
01/06/2018,4427,4.264513214366388
01/07/2016,3862,4.228896944588296
01/07/2017,3948,4.334853090172239
01/07/2018,4045,4.204202719406675
01/08/2016,3874,4.2480640165203924
01/08/2017,3634,4.283984589983489
01/08/2018,4666,4.264894984997857
01/09/2016,3765,4.242762284196547
01/09/2017,4258,4.256693283231564
01/09/2018,4622,4.233448723496322
01/10/2016,3492,4.1815578465063
01/10/2017,4152,4.270472061657033
01/10/2018,4610,4.259002169197397
01/11/2016,3789,4.217471628397994
01/11/2017,4310,4.251972157772622
01/11/2018,4630,4.2539956803455725
01/12/2016,3702,4.266342517558077
01/12/2017,4407,4.294985250737463
01/12/2018,4775,4.227225130890052
01/13/2016,3718,4.240182894029048
01/13/2017,4073,4.260495948931991
01/13/2018,4108,4.233690360272639
01/14/2016,3709,4.2601779455378805
01/14/2017,3663,4.177996177996178
01/14/2018,3741,4.209035017375033
01/15/2016,3858,4.215396578538103
01/15/2017,3627,4.228839261097326
01/15/2018,3932,4.2576297049847405
01/16/2016,3652,4.1645673603504925
01/16/2017,3743,4.209724819663371
01/16/2018,4379,4.261018497373829
01/17/2016,3472,4.168778801843318
01/17/2017,4019,4.238616571286389
01/17/2018,3978,4.344142785319256
01/18/2016,3484,4.262342135476464
01/18/2017,3845,4.300130039011703
01/18/2018,4193,4.253517767708085
01/19/2016,3885,4.245302445302445
01/19/2017,4057,4.183386738969682
01/19/2018,4188,4.226838586437441
01/20/2016,3770,4.241114058355437
01/20/2017,4113,4.238268903476781
01/20/2018,4161,4.220620043258832
01/21/2016,3758,4.237892496008516
01/21/2017,3874,4.185854414042334
01/21/2018,3976,4.260814889336016
01/22/2016,3905,4.251472471190781
01/22/2017,3729,4.27219093590775
01/22/2018,4526,4.279275298276624
01/23/2016,3994,4.270155232849274
01/23/2017,4106,4.3037018996590355
01/23/2018,4289,4.28374912567032
01/24/2016,3982,4.181064791562029
01/24/2017,3863,4.290447838467513
01/24/2018,4202,4.287482151356497
01/25/2016,4558,4.278630978499342
01/25/2017,4051,4.239200197482103
01/25/2018,4051,4.253517649962972
01/26/2016,4253,4.270867622854456
01/26/2017,4054,4.331771090281204
01/26/2018,4262,4.2595025809479115
01/27/2016,3966,4.252647503782148
01/27/2017,3878,4.2612171222279525
01/27/2018,4091,4.241750183329259
01/28/2016,4039,4.239910869026986
01/28/2017,3872,4.216942148760331
01/28/2018,3851,4.218125162295507
01/29/2016,4068,4.240904621435595
01/29/2017,3523,4.189043428895827
01/29/2018,4177,4.299497246827867
01/30/2016,3753,4.208100186517453
01/30/2017,3981,4.219542828435067
01/30/2018,4227,4.343979181452567
01/31/2016,3663,4.182637182637182
01/31/2017,3702,4.25472717450027
01/31/2018,4129,4.300557035601841
02/01/2016,4124,4.246362754607177
02/01/2017,3932,4.2438962360122074
02/01/2018,4274,4.227187646233037
02/02/2016,4077,4.253863134657837
02/02/2017,3879,4.248259860788863
02/02/2018,4345,4.245339470655926
02/03/2016,3904,4.248975409836065
02/03/2017,3990,4.276691729323308
02/03/2018,4028,4.249006951340616
02/04/2016,4027,4.262478271666253
02/04/2017,3744,4.208867521367521
02/04/2018,4063,4.181885306423824
02/05/2016,4007,4.23733466433741
02/05/2017,3773,4.2682215743440235
02/05/2018,4553,4.215901603338458
02/06/2016,3798,4.231700895208005
02/06/2017,4153,4.3168793643149534
02/06/2018,4286,4.318712085860943
02/07/2016,3539,4.156541395874541
02/07/2017,4009,4.2644050885507605
02/07/2018,4165,4.263865546218487
02/08/2016,3769,4.213319182807111
02/08/2017,4315,4.215063731170336
02/08/2018,4405,4.261293984108967
02/09/2016,3846,4.22646905876235
02/09/2017,3368,4.298396674584323
02/09/2018,4434,4.2686062246278755
02/10/2016,3921,4.288191787809232
02/10/2017,4122,4.3432799611838915
02/10/2018,4264,4.164399624765478
02/11/2016,3848,4.228690228690229
02/11/2017,4015,4.259028642590287
02/11/2018,4049,4.192640158063719
02/12/2016,3872,4.229338842975206
02/12/2017,3590,4.213091922005571
02/12/2018,4521,4.257243972572439
02/13/2016,3622,4.197680839315296
02/13/2017,4058,4.313701330704781
02/13/2018,4414,4.2951971001359315
02/14/2016,3443,4.185884403136799
02/14/2017,4025,4.275776397515528
02/14/2018,4448,4.237634892086331
02/15/2016,3785,4.2100396301188905
02/15/2017,4112,4.298151750972763
02/15/2018,4558,4.270732777534006
02/16/2016,4161,4.2028358567652
02/16/2017,3707,4.243862961963853
02/16/2018,4455,4.279012345679012
02/17/2016,3813,4.295567794387622
02/17/2017,3893,4.243000256871308
02/17/2018,3976,4.331237424547283
02/18/2016,3777,4.278792692613185
02/18/2017,3834,4.228482003129891
02/18/2018,3777,4.311887741593858
02/19/2016,3801,4.184951328597737
02/19/2017,3834,4.246739697443923
02/19/2018,3765,4.2629482071713145
02/20/2016,3912,4.167433537832311
02/20/2017,3663,4.253071253071253
02/20/2018,4320,4.2689814814814815
02/21/2016,3653,4.134683821516561
02/21/2017,3628,4.278114663726571
02/21/2018,4325,4.227745664739884
02/22/2016,4110,4.184671532846715
02/22/2017,3626,4.264202978488693
02/22/2018,4031,4.304887124782932
02/23/2016,3861,4.2994042994043
02/23/2017,3695,4.264952638700947
02/23/2018,3885,4.234491634491635
02/24/2016,3999,4.2448112028007
02/24/2017,4064,4.262795275590551
02/24/2018,3806,4.214135575407251
02/25/2016,3982,4.2262682069311905
02/25/2017,3794,4.2374802319451765
02/25/2018,3514,4.240751280591918
02/26/2016,4079,4.231429271880363
02/26/2017,3376,4.236078199052133
02/26/2018,4156,4.276948989412897
02/27/2016,3776,4.17770127118644
02/27/2017,3849,4.310730059755781
02/27/2018,3944,4.282707910750507
02/28/2016,3649,4.08687311592217
02/28/2017,3774,4.3052464228934815
02/28/2018,4064,4.264763779527559
02/29/2016,4177,4.146756045008379
03/01/2016,4026,4.236214605067064
03/01/2017,3961,4.296389800555415
03/01/2018,4156,4.288017324350337
03/02/2016,3913,4.221058011755686
03/02/2017,3828,4.295715778474399
03/02/2018,3956,4.265166835187058
03/03/2016,3970,4.214609571788413
03/03/2017,3858,4.255572835666149
03/03/2018,3720,4.256989247311828
03/04/2016,4069,4.274268862128287
03/04/2017,3523,4.221969912006813
03/04/2018,3708,4.165857605177994
03/05/2016,3876,4.121517027863777
03/05/2017,3361,4.239214519488248
03/05/2018,3984,4.296686746987952
03/06/2016,3749,4.173646305681515
03/06/2017,3860,4.308031088082902
03/06/2018,4092,4.282258064516129
03/07/2016,4353,4.204226969905812
03/07/2017,3801,4.304393580636675
03/07/2018,3577,4.378529493989377
03/08/2016,4281,4.154870357393133
03/08/2017,3805,4.279369250985545
03/08/2018,4116,4.320213799805637
03/09/2016,4395,4.223435722411832
03/09/2017,3946,4.272934617334009
03/09/2018,4174,4.285098227120268
03/10/2016,4450,4.2202247191011235
03/10/2017,3669,4.316980103570455
03/10/2018,3821,4.263805286574195
03/11/2016,4428,4.2985546522131886
03/11/2017,3423,4.231083844580777
03/11/2018,3549,4.228233305156382
03/12/2016,3997,4.176132099074306
03/12/2017,3288,4.179136253041363
03/12/2018,4135,4.289721886336155
03/13/2016,3666,4.0793780687397705
03/13/2017,4036,4.260901883052528
03/13/2018,3796,4.368018967334036
03/14/2016,4083,4.21356845456772
03/14/2017,3180,4.318867924528302
03/14/2018,4031,4.2473331679484
03/15/2016,4182,4.253228120516499
03/15/2017,4224,4.405776515151516
03/15/2018,4063,4.333743539256707
03/16/2016,4001,4.2279430142464385
03/16/2017,4247,4.35530963032729
03/16/2018,4085,4.286658506731946
03/17/2016,4277,4.245265372924948
03/17/2017,4406,4.292328642759873
03/17/2018,3883,4.231006953386557
03/18/2016,4055,4.230826140567201
03/18/2017,3813,4.2145292420666145
03/18/2018,3650,4.2
03/19/2016,3605,4.169209431345354
03/19/2017,3700,4.233243243243243
03/19/2018,4183,4.2854410710016735
03/20/2016,3408,4.220950704225352
03/20/2017,4159,4.2433277230103394
03/20/2018,3974,4.296930045294413
03/21/2016,3896,4.270277207392197
03/21/2017,3991,4.335003758456527
03/21/2018,3312,4.358695652173913
03/22/2016,3802,4.2498684902682795
03/22/2017,3840,4.301822916666667
03/22/2018,4064,4.339812992125984
03/23/2016,4053,4.248951394029114
03/23/2017,3863,4.361636034170334
03/23/2018,4347,4.293305728088336
03/24/2016,3981,4.276061291132881
03/24/2017,3947,4.305548517861667
03/24/2018,3925,4.251210191082802
03/25/2016,3850,4.179220779220779
03/25/2017,3764,4.241498405951116
03/25/2018,3749,4.282475326753801
03/26/2016,3569,4.176520033622864
03/26/2017,3485,4.230416068866571
03/26/2018,4173,4.304337407141145
03/27/2016,3418,4.195435927442949
03/27/2017,4085,4.262913096695226
03/27/2018,4078,4.354830799411476
03/28/2016,3874,4.280588538977801
03/28/2017,3713,4.328575276057097
03/28/2018,4084,4.381488736532811
03/29/2016,3728,4.247049356223176
03/29/2017,3878,4.2872614749871065
03/29/2018,4079,4.322137778867369
03/30/2016,3982,4.215720743345052
03/30/2017,3919,4.295993875988772
03/30/2018,3985,4.288080301129234
03/31/2016,4027,4.250558728582071
03/31/2017,3770,4.312732095490716
03/31/2018,3936,4.157774390243903
04/01/2016,4346,4.206166589967786
04/01/2017,3613,4.259341267644617
04/01/2018,3677,4.138700027196084
04/02/2016,3897,4.204003079291763
04/02/2017,3841,4.173392345743296
04/02/2018,3757,4.288794250731967
04/03/2016,3501,4.163096258211939
04/03/2017,4269,4.181307097680956
04/03/2018,3910,4.309462915601023
04/04/2016,3965,4.189407313997478
04/04/2017,4000,4.31
04/04/2018,3960,4.268686868686869
04/05/2016,3877,4.237554810420428
04/05/2017,4175,4.237844311377246
04/05/2018,3957,4.282537275713925
04/06/2016,3895,4.275224646983312
04/06/2017,3946,4.301064368981247
04/06/2018,3951,4.253353581371805
04/07/2016,3948,4.23758865248227
04/07/2017,4173,4.291876347951114
04/07/2018,3901,4.208664445014099
04/08/2016,3922,4.291687914329424
04/08/2017,3709,4.215691561067673
04/08/2018,3595,4.176912378303199
04/09/2016,3482,4.169155657668007
04/09/2017,3755,4.139547270306259
04/09/2018,3946,4.272427774961987
04/10/2016,3582,4.150474595198213
04/10/2017,4048,4.242835968379446
04/10/2018,3961,4.281747033577379
04/11/2016,4069,4.24404030474318
04/11/2017,3965,4.322320302648172
04/11/2018,3917,4.289762573398009
04/12/2016,3824,4.296025104602511
04/12/2017,3831,4.269903419472723
04/12/2018,4111,4.310386767209924
04/13/2016,4038,4.2865279841505695
04/13/2017,3793,4.251252306881097
04/13/2018,4539,4.242344128662701
04/14/2016,3898,4.332478193945613
04/14/2017,3781,4.289870404654853
04/14/2018,4431,4.247799593771158
04/15/2016,3950,4.22379746835443
04/15/2017,3726,4.212023617820719
04/15/2018,3667,4.244068721025362
04/16/2016,3886,4.167524446731858
04/16/2017,4021,4.247948271574235
04/16/2018,4097,4.265560165975104
04/17/2016,3876,4.148090815273478
04/17/2017,3962,4.307420494699647
04/17/2018,3988,4.301654964894684
04/18/2016,4150,4.263614457831325
04/18/2017,3796,4.350632244467861
04/18/2018,4140,4.28743961352657
04/19/2016,4122,4.244056283357593
04/19/2017,3835,4.342372881355932
04/19/2018,4029,4.311243484735666
04/20/2016,4028,4.313306852035749
04/20/2017,4105,4.335931790499391
04/20/2018,4063,4.331282303716466
04/21/2016,4172,4.228427612655801
04/21/2017,4005,4.349063670411985
04/21/2018,4055,4.186683107274969
04/22/2016,4218,4.255334281650071
04/22/2017,3812,4.246327387198321
04/22/2018,3950,4.22379746835443
04/23/2016,3908,4.229529170931423
04/23/2017,3788,4.24234424498416
04/23/2018,4345,4.304948216340621
04/24/2016,3550,4.197464788732394
04/24/2017,4108,4.262171372930867
04/24/2018,4254,4.32698636577339
04/25/2016,4054,4.21238283177109
04/25/2017,3960,4.2727272727272725
04/25/2018,3974,4.349773527931555
04/26/2016,3596,4.2316462736373746
04/26/2017,3915,4.289655172413793
04/26/2018,4307,4.271650801021592
04/27/2016,3742,4.254142169962587
04/27/2017,4115,4.377885783718105
04/27/2018,4141,4.332045399661918
04/28/2016,3529,4.256446585434968
04/28/2017,4350,4.290344827586207
04/28/2018,4080,4.247303921568627
04/29/2016,3609,4.16043225270158
04/29/2017,4360,4.215137614678899
04/29/2018,3810,4.202887139107611
04/30/2016,3859,4.1103912930811095
04/30/2017,3678,4.330342577487765
04/30/2018,4082,4.245222929936306
05/01/2016,3353,4.206084103787653
05/01/2017,4346,4.294523699953981
05/01/2018,4273,4.229815118183946
05/02/2016,3833,4.233759457344117
05/02/2017,4409,4.228623270582899
05/02/2018,4705,4.251434643995749
05/03/2016,3913,4.2317914643496035
05/03/2017,4114,4.245503159941663
05/03/2018,4887,4.239615305913649
05/04/2016,3964,4.270433905146317
05/04/2017,4205,4.285374554102259
05/04/2018,4868,4.330936729663106
05/05/2016,3787,4.26089252706628
05/05/2017,4046,4.248887790410282
05/05/2018,4402,4.217855520218083
05/06/2016,3936,4.223577235772358
05/06/2017,4031,4.220044653932026
05/06/2018,4203,4.282179395669759
05/07/2016,3690,4.195392953929539
05/07/2017,3758,4.290580095795636
05/07/2018,4594,4.329560296038311
05/08/2016,3642,4.176276771004942
05/08/2017,4225,4.257514792899408
05/08/2018,4397,4.2917898567204915
05/09/2016,4176,4.248802681992337
05/09/2017,4050,4.320493827160494
05/09/2018,4321,4.327933348761861
05/10/2016,3973,4.238862320664485
05/10/2017,4094,4.29628724963361
05/10/2018,4286,4.292580494633691
05/11/2016,4268,4.17174320524836
05/11/2017,4081,4.313893653516295
05/11/2018,4597,4.233413095497063
05/12/2016,4178,4.258736237434179
05/12/2017,4278,4.2833099579242635
05/12/2018,3934,4.210472801220132
05/13/2016,3941,4.2793707180918545
05/13/2017,3559,4.241640910368081
05/13/2018,3746,4.210357714895889
05/14/2016,3782,4.14304600740349
05/14/2017,3675,4.220408163265306
05/14/2018,4218,4.2368421052631575
05/15/2016,3569,4.201176800224152
05/15/2017,4364,4.275664527956003
05/15/2018,4533,4.313037723362012
05/16/2016,4077,4.295805739514349
05/16/2017,4120,4.282281553398058
05/16/2018,4197,4.409340004765308
05/17/2016,3927,4.297937356760886
05/17/2017,4529,4.276219916096268
05/17/2018,4393,4.308672888686547
05/18/2016,3920,4.281122448979592
05/18/2017,4836,4.2487593052109185
05/18/2018,4343,4.331568040524982
05/19/2016,3942,4.269660071029934
05/19/2017,4975,4.300904522613065
05/19/2018,3919,4.2171472314365905
05/20/2016,4227,4.248639697184765
05/20/2017,4095,4.327472527472527
05/20/2018,4470,4.191275167785235
05/21/2016,3782,4.185880486515072
05/21/2017,3972,4.2497482376636455
05/21/2018,4627,4.299762264966501
05/22/2016,3610,4.130470914127423
05/22/2017,4123,4.30657288382246
05/22/2018,4217,4.276499881432298
05/23/2016,4129,4.203196899975781
05/23/2017,4091,4.362747494500122
05/23/2018,4589,4.284375680976248
05/24/2016,3983,4.201104694953552
05/24/2017,4190,4.310023866348448
05/24/2018,4534,4.32399647110719
05/25/2016,4268,4.262652296157451
05/25/2017,4037,4.313351498637602
05/25/2018,4797,4.28872211799041
05/26/2016,4309,4.2443722441401714
05/26/2017,4253,4.232776863390548
05/26/2018,4643,4.175748438509585
05/27/2016,4354,4.204180064308682
05/27/2017,3888,4.221707818930041
05/27/2018,3853,4.315079159096808
05/28/2016,4202,4.168015230842456
05/28/2017,3721,4.248857833915614
05/28/2018,3716,4.32508073196986
05/29/2016,4049,4.1931341071869594
05/29/2017,3484,4.285591274397245
05/29/2018,4799,4.258803917482809
05/30/2016,3661,4.1652553947009014
05/30/2017,4023,4.34277902063137
05/30/2018,4218,4.325983878615458
05/31/2016,4338,4.2139234670355
05/31/2017,4156,4.311838306063523
05/31/2018,4013,4.330426115125841
06/01/2016,4170,4.253717026378897
06/01/2017,4257,4.254169603006813
06/01/2018,4590,4.3010893246187365
06/02/2016,4073,4.224895654308863
06/02/2017,4282,4.2265296590378325
06/02/2018,4667,4.246196700235697
06/03/2016,3989,4.283529706693407
06/03/2017,4162,4.228495915425277
06/03/2018,3915,4.2786717752235
06/04/2016,3970,4.207304785894206
06/04/2017,3855,4.26822308690013
06/04/2018,4320,4.311342592592593
06/05/2016,3585,4.194142259414226
06/05/2017,4271,4.3275579489580895
06/05/2018,4280,4.285514018691589
06/06/2016,4309,4.198653980041773
06/06/2017,3898,4.3383786557208825
06/06/2018,4208,4.339591254752852
06/07/2016,4116,4.2592322643343055
06/07/2017,4030,4.290818858560794
06/07/2018,4197,4.328568024779605
06/08/2016,3862,4.277058518902123
06/08/2017,3913,4.263991822131357
06/08/2018,4607,4.318428478402431
06/09/2016,3832,4.203288100208768
06/09/2017,4356,4.266299357208448
06/09/2018,4478,4.227333631085306
06/10/2016,4279,4.2470203318532365
06/10/2017,4452,4.1610512129380055
06/10/2018,4083,4.315454322801862
06/11/2016,4241,4.161518509785428
06/11/2017,4362,4.133654287024301
06/11/2018,4331,4.355114292311245
06/12/2016,4062,4.220088626292466
06/12/2017,4544,4.246919014084507
06/12/2018,4287,4.300209937018894
06/13/2016,4051,4.3206615650456675
06/13/2017,4671,4.310640119888675
06/13/2018,4281,4.368839056295258
06/14/2016,3919,4.301862720081654
06/14/2017,4528,4.286219081272085
06/14/2018,4433,4.267538912700203
06/15/2016,4088,4.274706457925636
06/15/2017,4257,4.3232323232323235
06/15/2018,4500,4.363111111111111
06/16/2016,3986,4.267686904164576
06/16/2017,4106,4.372138334145154
06/16/2018,4615,4.2314192849404115
06/17/2016,4086,4.2594224180127265
06/17/2017,3898,4.229348383786557
06/17/2018,4495,4.238042269187987
06/18/2016,4127,4.15919554155561
06/18/2017,4032,4.220982142857143
06/18/2018,4974,4.266988339364697
06/19/2016,3855,4.169649805447471
06/19/2017,4465,4.28040313549832
06/19/2018,4636,4.312338222605694
06/20/2016,4236,4.23371104815864
06/20/2017,4142,4.320376629647513
06/20/2018,4570,4.3330415754923415
06/21/2016,4117,4.234879766820501
06/21/2017,4274,4.302058961160506
06/21/2018,4534,4.36193206881341
06/22/2016,4135,4.27738814993954
06/22/2017,4385,4.250627137970353
06/22/2018,4442,4.417154434939216
06/23/2016,4087,4.242720822118914
06/23/2017,4458,4.288245850157021
06/23/2018,4036,4.282953419226957
06/24/2016,4292,4.179403541472507
06/24/2017,4215,4.2673784104389085
06/24/2018,4418,4.216613852421911
06/25/2016,3965,4.249432534678436
06/25/2017,4353,4.246266942338617
06/25/2018,4521,4.314532183145322
06/26/2016,3904,4.209016393442623
06/26/2017,4211,4.325575872714319
06/26/2018,4256,4.3031015037593985
06/27/2016,4339,4.271952062687255
06/27/2017,4306,4.258012076172782
06/27/2018,4029,4.359890791759742
06/28/2016,3857,4.285455016852476
06/28/2017,4158,4.311688311688312
06/28/2018,4330,4.304849884526559
06/29/2016,4110,4.300729927007299
06/29/2017,4035,4.295662949194548
06/29/2018,4610,4.2841648590021695
06/30/2016,4121,4.2266440184421255
06/30/2017,4284,4.294117647058823
06/30/2018,4775,4.214240837696335
07/01/2016,4009,4.253429782988277
07/01/2017,4184,4.217256214149139
07/01/2018,4545,4.258085808580858
07/02/2016,3882,4.134981968057702
07/02/2017,4036,4.190535183349851
07/02/2018,4702,4.3368779242875375
07/03/2016,3876,4.208978328173375
07/03/2017,4115,4.30498177399757
07/03/2018,4502,4.257441137272323
07/04/2016,3800,4.159736842105263
07/04/2017,3923,4.330359418812134
07/04/2018,4381,4.295594613102032
07/05/2016,4295,4.221420256111758
07/05/2017,4399,4.360763809956809
07/05/2018,4981,4.304155792009636
07/06/2016,4172,4.24209012464046
07/06/2017,3967,4.338290899924376
07/06/2018,4298,4.286179618427175
07/07/2016,4363,4.283978913591565
07/07/2017,4109,4.3560477001703575
07/07/2018,3936,4.292936991869919
07/08/2016,4101,4.318702755425506
07/08/2017,3988,4.238716148445336
07/08/2018,3888,4.325102880658436
07/09/2016,3693,4.184944489574871
07/09/2017,3856,4.256742738589212
07/09/2018,4184,4.316443594646271
07/10/2016,3864,4.268115942028985
07/10/2017,4363,4.271372908549163
07/10/2018,4451,4.299033924960683
07/11/2016,4081,4.219554030874786
07/11/2017,4153,4.301468817722129
07/11/2018,4429,4.279295552043351
07/12/2016,4109,4.23704064249209
07/12/2017,4264,4.293621013133208
07/12/2018,4298,4.317124243834342
07/13/2016,4048,4.212203557312253
07/13/2017,4344,4.292357274401473
07/13/2018,4360,4.31651376146789
07/14/2016,4143,4.24112961622013
07/14/2017,3685,4.3807327001356855
07/14/2018,4472,4.244633273703041
07/15/2016,4312,4.215909090909091
07/15/2017,4095,4.281807081807082
07/15/2018,4087,4.346464399314901
07/16/2016,4075,4.196564417177914
07/16/2017,4102,4.226962457337884
07/16/2018,4564,4.338737949167397
07/17/2016,4077,4.189845474613686
07/17/2017,4305,4.267595818815331
07/17/2018,4441,4.36095473992344
07/18/2016,4383,4.253251197809719
07/18/2017,4218,4.357752489331436
07/18/2018,4441,4.291600990767845
07/19/2016,3958,4.255937342091966
07/19/2017,4189,4.317975650513249
07/19/2018,4254,4.308885754583921
07/20/2016,4003,4.285286035473395
07/20/2017,4340,4.292165898617512
07/20/2018,4293,4.288143489401351
07/21/2016,4061,4.278256587047525
07/21/2017,4470,4.342281879194631
07/21/2018,4230,4.257919621749409
07/22/2016,4208,4.217442965779468
07/22/2017,4331,4.2567536365735394
07/22/2018,3859,4.296708991966831
07/23/2016,4344,4.158379373848987
07/23/2017,3901,4.268649064342476
07/23/2018,4202,4.335316515944788
07/24/2016,4116,4.19533527696793
07/24/2017,3853,4.325201141967298
07/24/2018,4339,4.311592532841669
07/25/2016,4240,4.26816037735849
07/25/2017,3847,4.343124512607226
07/25/2018,4046,4.3388531883341575
07/26/2016,4113,4.236080719669341
07/26/2017,3996,4.311061061061061
07/26/2018,4267,4.255917506444809
07/27/2016,4233,4.22867942357666
07/27/2017,3893,4.333162085795017
07/27/2018,4307,4.274204782911539
07/28/2016,4128,4.203003875968992
07/28/2017,4015,4.273972602739726
07/28/2018,4264,4.219043151969982
07/29/2016,4010,4.269825436408977
07/29/2017,3702,4.334683954619125
07/29/2018,4108,4.2577896786757545
07/30/2016,4053,4.176905995558846
07/30/2017,3841,4.296016662327519
07/30/2018,4353,4.297955433034689
07/31/2016,3770,4.2151193633952255
07/31/2017,4004,4.3441558441558445
07/31/2018,4198,4.2939494997617915
08/01/2016,4000,4.2335
08/01/2017,4245,4.29399293286219
08/01/2018,4216,4.292220113851992
08/02/2016,4101,4.215313338210192
08/02/2017,4068,4.273598820058997
08/02/2018,4476,4.244638069705094
08/03/2016,3941,4.244861710225831
08/03/2017,4193,4.332697352730742
08/03/2018,4453,4.2683584100606335
08/04/2016,3926,4.236372898624555
08/04/2017,4329,4.274890274890275
08/04/2018,4433,4.229190164674035
08/05/2016,3993,4.253693964437766
08/05/2017,3911,4.296855024290463
08/05/2018,4415,4.285164212910532
08/06/2016,4051,4.201431745248087
08/06/2017,3762,4.282030834662414
08/06/2018,4738,4.261502743773744
08/07/2016,3834,4.250130412102243
08/07/2017,3851,4.34770189561153
08/07/2018,4497,4.321547698465643
08/08/2016,4151,4.244519392917369
08/08/2017,3988,4.38665997993982
08/08/2018,4422,4.33355947535052
08/09/2016,3965,4.309709962168979
08/09/2017,4127,4.319360310152653
08/09/2018,4519,4.327284797521576
08/10/2016,4033,4.271014133399454
08/10/2017,4227,4.334752779749231
08/10/2018,4554,4.284145805884936
08/11/2016,4319,4.2475109979161845
08/11/2017,3979,4.337773309876853
08/11/2018,4031,4.34606797320764
08/12/2016,4286,4.192020531964536
08/12/2017,3905,4.273751600512164
08/12/2018,4222,4.247986736144008
08/13/2016,4475,4.137206703910614
08/13/2017,4009,4.304564729358942
08/13/2018,4213,4.320199382862568
08/14/2016,4295,4.152968568102445
08/14/2017,4167,4.363330933525318
08/14/2018,4160,4.342067307692307
08/15/2016,4363,4.242493696997479
08/15/2017,3894,4.3574730354391376
08/15/2018,4342,4.318286503915246
08/16/2016,4179,4.323283082077052
08/16/2017,4129,4.299830467425527
08/16/2018,4549,4.353704110793581
08/17/2016,4026,4.294336810730253
08/17/2017,4122,4.349587578845221
08/17/2018,4566,4.226456416995182
08/18/2016,4024,4.308151093439363
08/18/2017,4064,4.324064960629921
08/18/2018,4222,4.259829464708669
08/19/2016,4250,4.247294117647058
08/19/2017,4155,4.2539109506618535
08/19/2018,3914,4.2531936637710785
08/20/2016,4062,4.162235352043329
08/20/2017,3914,4.231987736331119
08/20/2018,4036,4.31788899900892
08/21/2016,3909,4.171143514965464
08/21/2017,4226,4.350212967345007
08/21/2018,4152,4.323940269749518
08/22/2016,3831,4.301487862176978
08/22/2017,4255,4.299647473560517
08/22/2018,4056,4.304240631163708
08/23/2016,3870,4.32015503875969
08/23/2017,3915,4.361430395913154
08/23/2018,4070,4.347665847665848
08/24/2016,3889,4.282077654924145
08/24/2017,3895,4.346084724005134
08/24/2018,4319,4.269738365362352
08/25/2016,3980,4.334170854271357
08/25/2017,4061,4.296724944594927
08/25/2018,4218,4.248221906116643
08/26/2016,4174,4.20723526593196
08/26/2017,3811,4.281815796378903
08/26/2018,4148,4.196962391513982
08/27/2016,3867,4.184122058443237
08/27/2017,3843,4.286494925839188
08/27/2018,4401,4.2969779595546465
08/28/2016,3812,4.226128016789087
08/28/2017,3816,4.290880503144654
08/28/2018,4552,4.2612038664323375
08/29/2016,4036,4.244053518334985
08/29/2017,3500,4.359428571428571
08/29/2018,4480,4.227008928571428
08/30/2016,3767,4.310326519777011
08/30/2017,3944,4.334685598377282
08/30/2018,4372,4.289798719121683
08/31/2016,3990,4.292731829573935
08/31/2017,3755,4.299334221038615
08/31/2018,4082,4.329495345418913
09/01/2016,3954,4.276934749620637
09/01/2017,3972,4.319234642497483
09/01/2018,4191,4.225483178239084
09/02/2016,4005,4.191011235955056
09/02/2017,3885,4.264607464607464
09/02/2018,4086,4.2452276064610865
09/03/2016,3850,4.178181818181818
09/03/2017,3578,4.275852431525992
09/03/2018,4546,4.252969643642763
09/04/2016,3689,4.159392789373814
09/04/2017,3966,4.275844679778114
09/04/2018,4603,4.2722137736258965
09/05/2016,3812,4.240818467995803
09/05/2017,4201,4.3037372054272796
09/05/2018,4363,4.281686912674765
09/06/2016,3845,4.267100130039012
09/06/2017,3789,4.344154130377408
09/06/2018,4500,4.314444444444445
09/07/2016,3954,4.267577137076378
09/07/2017,3947,4.281732961743096
09/07/2018,4333,4.323794138010617
09/08/2016,4169,4.221396018229791
09/08/2017,4015,4.34321295143213
09/08/2018,4003,4.257307019735198
09/09/2016,4330,4.237644341801386
09/09/2017,3913,4.252236135957066
09/09/2018,3591,4.25619604566973
09/10/2016,4257,4.19661733615222
09/10/2017,3678,4.241163675910821
09/10/2018,3888,4.261059670781893
09/11/2016,3896,4.208162217659138
09/11/2017,4110,4.319708029197081
09/11/2018,3955,4.313274336283186
09/12/2016,3963,4.2687358062074185
09/12/2017,4205,4.376456599286564
09/12/2018,4340,4.300921658986175
09/13/2016,4154,4.282859894077997
09/13/2017,4310,4.376102088167054
09/13/2018,4304,4.318540892193308
09/14/2016,4088,4.305772994129159
09/14/2017,4391,4.313140514689137
09/14/2018,4373,4.280356734507203
09/15/2016,3898,4.295792714212417
09/15/2017,4508,4.260204081632653
09/15/2018,4367,4.256010991527364
09/16/2016,4010,4.222443890274314
09/16/2017,4388,4.283956244302644
09/16/2018,4323,4.212815174647235
09/17/2016,3943,4.183362921633274
09/17/2017,4161,4.284306657053593
09/17/2018,4413,4.292771357353274
09/18/2016,3833,4.243673362901122
09/18/2017,4335,4.315109573241061
09/18/2018,4382,4.338658146964856
09/19/2016,3938,4.310055865921788
09/19/2017,4146,4.3777134587554265
09/19/2018,4261,4.300633654071814
09/20/2016,4228,4.236754966887418
09/20/2017,4279,4.3381631222248185
09/20/2018,4312,4.259276437847866
09/21/2016,4110,4.295133819951338
09/21/2017,4054,4.3376911692155895
09/21/2018,4454,4.329591378536147
09/22/2016,4167,4.275497960163187
09/22/2017,4087,4.331783704428676
09/22/2018,4220,4.228199052132702
09/23/2016,4361,4.25154781013529
09/23/2017,4236,4.195467422096317
09/23/2018,3868,4.213288521199586
09/24/2016,3813,4.205874639391555
09/24/2017,4287,4.248425472358292
09/24/2018,4131,4.320503510045993
09/25/2016,3787,4.1584367573277
09/25/2017,4296,4.294227188081937
09/25/2018,4020,4.276119402985074
09/26/2016,3977,4.202665325622329
09/26/2017,4150,4.325060240963856
09/26/2018,4526,4.281263809102961
09/27/2016,3952,4.228997975708502
09/27/2017,4453,4.273972602739726
09/27/2018,4254,4.256699576868829
09/28/2016,3726,4.2321524422973695
09/28/2017,4077,4.344616139318126
09/28/2018,4184,4.338432122370937
09/29/2016,3632,4.26238986784141
09/29/2017,4104,4.293615984405458
09/29/2018,4308,4.156453110492108
09/30/2016,3887,4.220221250321584
09/30/2017,3863,4.186642505824489
09/30/2018,4109,4.192260890727671
10/01/2016,3704,4.1968142548596115
10/01/2017,3886,4.227483273288729
10/01/2018,4428,4.198961156278229
10/02/2016,3710,4.174393530997304
10/02/2017,4083,4.25618417830027
10/02/2018,4579,4.259226905437869
10/03/2016,3842,4.197813638729828
10/03/2017,3973,4.354140448024163
10/03/2018,4471,4.272198613285618
10/04/2016,3656,4.227571115973742
10/04/2017,4190,4.325775656324582
10/04/2018,4628,4.2454624027657735
10/05/2016,4001,4.219945013746563
10/05/2017,4257,4.268029128494245
10/05/2018,4565,4.287623220153341
10/06/2016,3983,4.2066281697213155
10/06/2017,4344,4.298112338858195
10/06/2018,4162,4.227534839019702
10/07/2016,4127,4.147080203537679
10/07/2017,4266,4.2878574777308955
10/07/2018,4351,4.17651114686279
10/08/2016,3809,4.211079023365713
10/08/2017,3934,4.240213523131673
10/08/2018,3859,4.2399585384814715
10/09/2016,3447,4.206266318537859
10/09/2017,3880,4.280927835051546
10/09/2018,4464,4.273521505376344
10/10/2016,3749,4.186716457722059
10/10/2017,4472,4.3658318425760285
10/10/2018,4587,4.31676477000218
10/11/2016,4032,4.213293650793651
10/11/2017,4079,4.343956852169649
10/11/2018,4494,4.31241655540721
10/12/2016,3806,4.206516027325276
10/12/2017,4031,4.369635326221781
10/12/2018,4411,4.305826343232827
10/13/2016,4097,4.202099096900171
10/13/2017,4027,4.330270672957536
10/13/2018,4024,4.227385685884692
10/14/2016,3991,4.203207216236533
10/14/2017,4031,4.227486975936492
10/14/2018,3896,4.206622176591376
10/15/2016,3750,4.168533333333333
10/15/2017,3945,4.213434727503168
10/15/2018,4509,4.22200044355733
10/16/2016,3751,4.158624366835511
10/16/2017,4117,4.355598736944377
10/16/2018,4065,4.245018450184502
10/17/2016,4344,4.254143646408839
10/17/2017,3896,4.2902977412731005
10/17/2018,4269,4.211524947294448
10/18/2016,4169,4.253058287359079
10/18/2017,4170,4.2745803357314145
10/18/2018,4070,4.218181818181818
10/19/2016,4135,4.24981862152358
10/19/2017,4244,4.238925541941565
10/19/2018,4354,4.252411575562701
10/20/2016,3978,4.2596782302664655
10/20/2017,4206,4.2620066571564434
10/20/2018,4407,4.157930565010211
10/21/2016,4211,4.22322488720019
10/21/2017,3949,4.249177006837174
10/21/2018,3732,4.170953912111468
10/22/2016,3579,4.240290583962
10/22/2017,3909,4.249936045024303
10/22/2018,4098,4.304294777940458
10/23/2016,3605,4.191678224687934
10/23/2017,4296,4.321927374301676
10/23/2018,4319,4.243574901597592
10/24/2016,3913,4.255813953488372
10/24/2017,3995,4.356695869837297
10/24/2018,4152,4.255298651252408
10/25/2016,3613,4.258510932742873
10/25/2017,4034,4.337878036688151
10/25/2018,4299,4.261223540358223
10/26/2016,3706,4.175391257420399
10/26/2017,3904,4.386526639344262
10/26/2018,4212,4.216286799620133
10/27/2016,3748,4.309498399146212
10/27/2017,4114,4.295333009236753
10/27/2018,4020,4.244278606965175
10/28/2016,3873,4.210947585850762
10/28/2017,4029,4.234053114916853
10/28/2018,3852,4.185617860851505
10/29/2016,3713,4.154861298141665
10/29/2017,3901,4.256344527044347
10/29/2018,4306,4.235485369252206
10/30/2016,4064,4.1515748031496065
10/30/2017,3983,4.264624654782827
10/30/2018,4086,4.247185511502692
10/31/2016,3743,4.245792145337965
10/31/2017,3883,4.335565284573783
10/31/2018,4169,4.22883185416167
11/01/2016,3997,4.2249186890167625
11/01/2017,4100,4.285853658536586
11/01/2018,4708,4.210917587085811
11/02/2016,3947,4.274638966303522
11/02/2017,4489,4.256850077968367
11/02/2018,4684,4.211571306575577
11/03/2016,4083,4.239774675483713
11/03/2017,4532,4.287069726390115
11/03/2018,4011,4.1795063575168285
11/04/2016,4129,4.20053281666263
11/04/2017,3831,4.243800574262595
11/04/2018,4121,4.137587964086387
11/05/2016,3598,4.218732629238466
11/05/2017,4084,4.224534769833497
11/05/2018,4342,4.220865960386918
11/06/2016,3868,4.276111685625646
11/06/2017,4305,4.302439024390244
11/06/2018,4046,4.217004448838359
11/07/2016,3906,4.225806451612903
11/07/2017,3697,4.336489045171761
11/07/2018,4314,4.238757533611498
11/08/2016,3686,4.212425393380358
11/08/2017,3915,4.2914431673052365
11/08/2018,4260,4.237323943661972
11/09/2016,3841,4.245248633168446
11/09/2017,4011,4.31563201196709
11/09/2018,4331,4.200877395520665
11/10/2016,3871,4.220614828209765
11/10/2017,3833,4.273154187320636
11/10/2018,3802,4.20515518148343
11/11/2016,3678,4.190048939641109
11/11/2017,3792,4.2215189873417724
11/11/2018,3668,4.217284623773174
11/12/2016,3584,4.174107142857143
11/12/2017,3613,4.287849432604483
11/12/2018,3752,4.231609808102346
11/13/2016,3555,4.2444444444444445
11/13/2017,4023,4.306239125031071
11/13/2018,4005,4.236953807740324
11/14/2016,4070,4.2004914004914005
11/14/2017,3912,4.32719836400818
11/14/2018,3812,4.351783840503672
11/15/2016,3794,4.266473379019504
11/15/2017,3973,4.30103196576894
11/15/2018,4451,4.34284430465064
11/16/2016,3942,4.300355149670218
11/16/2017,4066,4.327102803738318
11/16/2018,4049,4.20992837737713
11/17/2016,3967,4.238467355684397
11/17/2017,3985,4.261731493099122
11/17/2018,3946,4.205271160669032
11/18/2016,4102,4.175524134568503
11/18/2017,3900,4.266410256410256
11/18/2018,3749,4.21205654841291
11/19/2016,3917,4.157773806484554
11/19/2017,3671,4.173522201035141
11/19/2018,4288,4.233442164179104
11/20/2016,3420,4.138888888888889
11/20/2017,4045,4.291223733003708
11/20/2018,3969,4.271101033005795
11/21/2016,3752,4.266257995735607
11/21/2017,3922,4.271290158082611
11/21/2018,3845,4.231729518855657
11/22/2016,3689,4.262401734887503
11/22/2017,4057,4.3433571604633965
11/22/2018,3338,4.157579388855602
11/23/2016,3650,4.216986301369863
11/23/2017,3383,4.1708542713567835
11/23/2018,3816,4.264412997903564
11/24/2016,3180,4.223584905660378
11/24/2017,3896,4.252053388090349
11/24/2018,3669,4.195966203325157
11/25/2016,3833,4.204278632924602
11/25/2017,3844,4.196409989594173
11/25/2018,3616,4.20271017699115
11/26/2016,3494,4.214653692043503
11/26/2017,3520,4.2355113636363635
11/26/2018,4264,4.204502814258912
11/27/2016,3421,4.223034200526162
11/27/2017,4281,4.3032001868722265
11/27/2018,4128,4.249273255813954
11/28/2016,3914,4.262902401635156
11/28/2017,4036,4.314667988107037
11/28/2018,4053,4.282753515914138
11/29/2016,3945,4.268694550063372
11/29/2017,4132,4.310745401742498
11/29/2018,4228,4.283349101229896
11/30/2016,3892,4.279547790339158
11/30/2017,4052,4.279368213228036
11/30/2018,4287,4.214135759272218
12/01/2016,4125,4.2610909090909095
12/01/2017,4353,4.270158511371468
12/01/2018,4078,4.157920549288867
12/02/2016,4164,4.2195004803073966
12/02/2017,3957,4.179428860247662
12/02/2018,3916,4.157814096016343
12/03/2016,3732,4.209807073954984
12/03/2017,3824,4.140167364016737
12/03/2018,4330,4.2466512702078525
12/04/2016,3512,4.188211845102506
12/04/2017,4340,4.234101382488479
12/04/2018,4234,4.221776098252244
12/05/2016,4145,4.282026537997587
12/05/2017,4213,4.336339900308569
12/05/2018,4079,4.220397156165727
12/06/2016,4051,4.265613428783016
12/06/2017,4124,4.332201745877788
12/06/2018,4015,4.209464508094645
12/07/2016,4078,4.2302599313388916
12/07/2017,4096,4.302978515625
12/07/2018,4250,4.227764705882353
12/08/2016,4100,4.31609756097561
12/08/2017,4124,4.25266731328807
12/08/2018,3930,4.185496183206107
12/09/2016,3932,4.290437436419126
12/09/2017,3786,4.275224511357633
12/09/2018,3721,4.19269013705993
12/10/2016,3786,4.201267828843106
12/10/2017,3778,4.25436739015352
12/10/2018,4159,4.245972589564799
12/11/2016,3571,4.147297675721086
12/11/2017,4296,4.296787709497207
12/11/2018,4036,4.245787908820614
12/12/2016,4076,4.22252208047105
12/12/2017,4143,4.252474052618875
12/12/2018,4247,4.241346833058629
12/13/2016,4098,4.268911664226452
12/13/2017,3919,4.321255422301608
12/13/2018,3998,4.241620810405203
12/14/2016,4115,4.267071688942892
12/14/2017,4080,4.262745098039216
12/14/2018,4519,4.227705244523125
12/15/2016,4145,4.283715319662243
12/15/2017,4503,4.244947812569398
12/15/2018,4274,4.1925596630790825
12/16/2016,4121,4.314486775054599
12/16/2017,3890,4.205141388174807
12/16/2018,3740,4.184224598930482
12/17/2016,3928,4.22225050916497
12/17/2017,3828,4.1802507836990594
12/17/2018,4442,4.224223322827555
12/18/2016,3969,4.165532879818594
12/18/2017,4340,4.257834101382488
12/18/2018,4105,4.254080389768575
12/19/2016,4194,4.236289938006676
12/19/2017,4155,4.3143200962695545
12/19/2018,4126,4.239699466795928
12/20/2016,4044,4.286350148367952
12/20/2017,4026,4.256582215598609
12/20/2018,4352,4.207490808823529
12/21/2016,4086,4.217572197748409
12/21/2017,4097,4.235294117647059
12/21/2018,4534,4.2059991177767975
12/22/2016,4180,4.255023923444976
12/22/2017,4379,4.191596254852706
12/22/2018,4097,4.132536001952649
12/23/2016,4362,4.182255845942229
12/23/2017,3920,4.233418367346939
12/23/2018,3811,4.168984518499082
12/24/2016,4024,4.200298210735586
12/24/2017,3592,4.1940423162583516
12/24/2018,3850,4.179220779220779
12/25/2016,3582,4.193746510329425
12/25/2017,3401,4.179064980887974
12/25/2018,3497,4.1887331998856165
12/26/2016,3940,4.210406091370558
12/26/2017,3814,4.2566858940744625
12/26/2018,4037,4.205845925191975
12/27/2016,4315,4.168945538818076
12/27/2017,3944,4.2520283975659225
12/27/2018,3958,4.234714502273876
12/28/2016,3987,4.219463255580637
12/28/2017,3928,4.280040733197556
12/28/2018,4254,4.164786083685943
12/29/2016,3951,4.219691217413313
12/29/2017,4011,4.270256793817003
12/29/2018,3987,4.165036368196639
12/30/2016,3941,4.233189545800558
12/30/2017,4021,4.196468540164139
12/30/2018,3861,4.207718207718208
12/31/2016,3871,4.1500904159132
12/31/2017,3734,4.265399035886449
12/31/2018,3959,4.2038393533720635
